name,imo,mmsi,callsign,latitude,longitude,last_seen_utc,source,destination,sog,categories,watch_priority,sanctioned,shadow_fleet,false_flag,from_russia_confirmed,data_quality_flags
ATHINA III,9247285,215015000,9HA4921,59.77019,28.434352,,Fintraffic Digitraffic,RUULU,0.3,recent_russian_portcall_10d,,False,False,False,True,invalid_source_timestamp
SEAFAITH,9843209,215515000,9HA5154,59.939778,26.374033,,Fintraffic Digitraffic,RULED,1.1,recent_russian_portcall_10d,,False,False,False,True,invalid_source_timestamp
TAXIDIARA,9331919,215622000,9HA5214,60.010212,29.33212,,Fintraffic Digitraffic,SAINT PETERSBURG,1.1,recent_russian_portcall_10d,,False,False,False,True,invalid_source_timestamp
YANNIS,9401910,229732000,9HA3559,59.864827,28.418557,,Fintraffic Digitraffic,RU ULU,0.4,recent_russian_portcall_10d,,False,False,False,True,invalid_source_timestamp
VERUDA,9585546,238297000,9AA8040,59.778788,28.397812,,Fintraffic Digitraffic,UST LUGA,0.2,recent_russian_portcall_10d,,False,False,False,True,invalid_source_timestamp
YPAPANTI,9693082,249279000,9HA4183,59.690378,28.40606,,Fintraffic Digitraffic,RUULU,2.4,recent_russian_portcall_10d,,False,False,False,True,invalid_source_timestamp
LUDOGORETS,9415155,249740000,9HA4362,70.739548,32.636298,2026-07-20T15:10:06+00:00,BarentsWatch / Norwegian Coastal Administration,RU MMK,11.4,recent_russian_portcall_10d,,False,False,False,True,
AMBER SKY,9312688,255806387,CQEH8,60.035107,28.940247,,Fintraffic Digitraffic,ST.PETERSBURG,10.0,recent_russian_portcall_10d,,False,False,False,True,invalid_source_timestamp
YMER,7505346,265066000,SDIA,65.572727,22.170408,,Fintraffic Digitraffic,ICEBREAKER CH69,0.0,recent_russian_portcall_10d,,False,False,False,True,invalid_source_timestamp
FREJ,7359668,265068000,SBPT,59.35275,18.113648,,Fintraffic Digitraffic,ICEBREAKER CH77,0.1,recent_russian_portcall_10d,,False,False,False,True,invalid_source_timestamp
ALE,7347639,265348000,SBPQ,65.570597,22.17191,,Fintraffic Digitraffic,ICEBREAKER CH10,0.0,recent_russian_portcall_10d,,False,False,False,True,invalid_source_timestamp
OSLEEN,9278739,268238202,T7AG6,59.848875,28.421445,,Fintraffic Digitraffic,RU\ULU,0.4,recent_russian_portcall_10d,,False,False,False,True,invalid_source_timestamp
MEKHANIK MAKARIN,8904379,273115700,UCOR,58.378175,21.168842,,Fintraffic Digitraffic,RUKGD,8.8,recent_russian_portcall_10d;russian_mmsi,,False,False,False,True,invalid_source_timestamp
A.BRAZHNIK,1065485,273127410,UAZF3,59.770452,28.435138,,Fintraffic Digitraffic,RU ULU,0.1,recent_russian_portcall_10d;russian_mmsi,,False,False,False,True,invalid_source_timestamp
MIR,8501701,273133800,UFPV,59.889732,30.208392,,Fintraffic Digitraffic,RULED,0.1,recent_russian_portcall_10d;russian_mmsi,,False,False,False,True,invalid_source_timestamp
,,273136100,,59.88231,30.19487,,Fintraffic Digitraffic,,0.0,russian_mmsi,,False,False,False,False,invalid_source_timestamp
,,273143900,,59.875603,30.203492,,Fintraffic Digitraffic,,0.0,russian_mmsi,,False,False,False,False,invalid_source_timestamp
BELOMORYE,7808334,273148810,UIVG,63.532157,3.182907,2026-07-21T05:23:24+00:00,BarentsWatch / Norwegian Coastal Administration,NORWEGIAN SEA,10.3,russian_mmsi,,False,False,False,False,
PRIMORYE,9236743,273210220,UBET5,59.799728,28.402415,,Fintraffic Digitraffic,FOR ORDER,0.2,russian_mmsi;sanctions_shadowfleet;watchlist,high,True,True,False,False,invalid_source_timestamp
NES,8890243,273212000,UBDI6,74.88289,26.062588,2026-07-21T05:23:17+00:00,BarentsWatch / Norwegian Coastal Administration,BARENTS SEA,2.0,russian_mmsi,,False,False,False,False,
OBELIAI,8522286,273213010,UIOL,69.21666666666667,9.595,2026-07-21T05:05:17+00:00,BarentsWatch / Norwegian Coastal Administration,NEAFC,12.0,russian_mmsi,,False,False,False,False,
VALENTIN MANTUROV,9848596,273213180,UBVU9,75.412547,15.194103,2026-07-21T05:22:21+00:00,BarentsWatch / Norwegian Coastal Administration,FISHING GROUND,3.8,russian_mmsi,,False,False,False,False,
KOKSHAYSK,8133413,273213500,UAMR,75.357227,27.073073,2026-07-21T05:23:15+00:00,BarentsWatch / Norwegian Coastal Administration,BARENTS SEA,10.8,russian_mmsi,,False,False,False,False,
MARSHAL ROKOSSOVSKY,9872341,273214860,UGVB,59.676543,28.409537,,Fintraffic Digitraffic,RU KGD,0.0,recent_russian_portcall_10d;russian_mmsi,,False,False,False,True,invalid_source_timestamp
YURI MASLYUKOV,9848912,273215120,UBDT9,59.699057,28.359948,,Fintraffic Digitraffic,RU ULU,0.6,recent_russian_portcall_10d;russian_mmsi,,False,False,False,True,invalid_source_timestamp
MUSTAI KARIM,9879351,273218820,UDCX,59.914805,30.239933,,Fintraffic Digitraffic,SPB-VIBORG-VALAM-SPB,6.3,recent_russian_portcall_10d;russian_mmsi,,False,False,False,True,invalid_source_timestamp
ARCTIC PRINCESS,7604403,273219900,UHTA,74.40833333333333,19.258333333333333,2026-07-21T05:04:53+00:00,BarentsWatch / Norwegian Coastal Administration,BARENTS SEA,0.0,russian_mmsi,,False,False,False,False,
LAZURNYY,8729664,273250200,UBHN,66.886967,4.15,2026-07-21T04:59:38+00:00,BarentsWatch / Norwegian Coastal Administration,NEAFC,11.7,russian_mmsi,,False,False,False,False,
ALISA,9244207,273251360,UANA8,59.87312,30.203253,,Fintraffic Digitraffic,RU LED,0.0,recent_russian_portcall_10d;russian_mmsi,,False,False,False,True,invalid_source_timestamp
ANTEY,8311912,273252340,UAEA7,60.165838,27.729662,,Fintraffic Digitraffic,RUULU,5.3,recent_russian_portcall_10d;russian_mmsi,,False,False,False,True,invalid_source_timestamp
PIONEER,9255282,273254770,UAVA4,70.472287,32.308973,2026-07-20T15:27:42+00:00,BarentsWatch / Norwegian Coastal Administration,RU MMK,9.4,recent_russian_portcall_10d;russian_mmsi,,False,False,False,True,
FRIO NEREUS,9076258,273254830,UARA7,62.552307,3.414148,2026-07-21T05:29:25+00:00,BarentsWatch / Norwegian Coastal Administration,RU LED,8.9,recent_russian_portcall_10d;russian_mmsi,,False,False,False,True,
KAPITAN TARAN,9836206,273254860,UAQA8,77.44796,11.242548,2026-07-21T05:23:14+00:00,BarentsWatch / Norwegian Coastal Administration,NORWEGIAN SEA,3.2,russian_mmsi,,False,False,False,False,
L/L MARLIN,9842877,273256260,UANA4,58.138437,5.799322,2026-07-21T05:29:31+00:00,BarentsWatch / Norwegian Coastal Administration,KIRKENES,7.6,russian_mmsi,,False,False,False,False,
SIRIUS,9763588,273256640,UAGA3,59.663402,28.289867,,Fintraffic Digitraffic,UST'LUGA,0.0,recent_russian_portcall_10d;russian_mmsi,,False,False,False,True,invalid_source_timestamp
,,273257120,,59.913482,30.233,,Fintraffic Digitraffic,,1.1,russian_mmsi,,False,False,False,False,invalid_source_timestamp
NOVIK MARIA,9376024,273257140,UADA8,58.940773,21.618538,,Fintraffic Digitraffic,RULED,12.8,recent_russian_portcall_10d;russian_mmsi,,False,False,False,True,invalid_source_timestamp
,,273257540,,59.72493,28.434272,,Fintraffic Digitraffic,,0.0,russian_mmsi,,False,False,False,False,invalid_source_timestamp
STANISLAV GOVORUKHIN,9621596,273258520,UBXZ7,60.118163,31.38739,,Fintraffic Digitraffic,RU LED,,recent_russian_portcall_10d;russian_mmsi;sanctions_shadowfleet;watchlist,high,True,True,False,True,invalid_source_timestamp;invalid_sog
GEORGY MASLOV,9610793,273259730,UACA3,62.0264,4.220437,2026-07-21T05:29:28+00:00,BarentsWatch / Norwegian Coastal Administration,EGPSD>RUMMK,8.0,recent_russian_portcall_10d;russian_mmsi;sanctions_shadowfleet;watchlist,high,True,True,False,True,
PAL-5,9097422,273263110,UAZT,60.623992,28.557313,,Fintraffic Digitraffic,RU LED,0.8,recent_russian_portcall_10d;russian_mmsi,,False,False,False,True,invalid_source_timestamp
ELENA,9054963,273267740,UAFC5,60.4792,28.338593,,Fintraffic Digitraffic,RUKGD,9.2,recent_russian_portcall_10d;russian_mmsi,,False,False,False,True,invalid_source_timestamp
PROMETEY,9832559,273270850,UAFE3,59.960873,28.529115,,Fintraffic Digitraffic,RUULU,,recent_russian_portcall_10d;russian_mmsi;sanctions_shadowfleet;watchlist,high,True,True,False,True,invalid_source_timestamp;invalid_sog
VOLGONEFT-150,8866046,273273000,UABV,59.883248,30.212792,,Fintraffic Digitraffic,RU LED,0.3,recent_russian_portcall_10d;russian_mmsi,,False,False,False,True,invalid_source_timestamp
,,273273250,,59.883798,30.228723,,Fintraffic Digitraffic,,0.6,russian_mmsi,,False,False,False,False,invalid_source_timestamp
,,273274950,,59.882047,30.223163,,Fintraffic Digitraffic,,7.1,russian_mmsi,,False,False,False,False,invalid_source_timestamp
ALMOND,9385142,273276930,UARD7,59.916515,28.615145,,Fintraffic Digitraffic,RUULU,0.1,recent_russian_portcall_10d;russian_mmsi;sanctions_shadowfleet;watchlist,high,True,True,False,True,invalid_source_timestamp
PRODUCER,9346732,273277290,UAMF3,59.906345,28.59148,,Fintraffic Digitraffic,RUULU,1.9,recent_russian_portcall_10d;russian_mmsi;sanctions_shadowfleet;watchlist,high,True,True,False,True,invalid_source_timestamp
TRIUMF,9389095,273277840,UAYD9,60.032077,29.40707,,Fintraffic Digitraffic,RU LED,0.1,recent_russian_portcall_10d;russian_mmsi;sanctions_shadowfleet;watchlist,high,True,True,False,True,invalid_source_timestamp
,,273290780,,59.920315,30.264858,,Fintraffic Digitraffic,,0.0,russian_mmsi,,False,False,False,False,invalid_source_timestamp
NORVEZHSKOE MORE,9836165,273291510,UBIV7,74.90166666666667,16.776666666666667,2026-07-21T05:22:35+00:00,BarentsWatch / Norwegian Coastal Administration,FISHING SVALBARD,3.0,russian_mmsi,,False,False,False,False,
,,273291710,,59.884383,30.18229,,Fintraffic Digitraffic,,3.2,russian_mmsi,,False,False,False,False,invalid_source_timestamp
SMP ARKHANGELSK,9240550,273293820,UBRV5,58.700468,4.776432,2026-07-21T05:29:27+00:00,BarentsWatch / Norwegian Coastal Administration,RU MMK,11.3,recent_russian_portcall_10d;russian_mmsi,,False,False,False,True,
KAPITAN DZHUMANOV,8711760,273294560,UBIW7,57.667142,32.535723,,Fintraffic Digitraffic,RU LED,,recent_russian_portcall_10d;russian_mmsi,,False,False,False,True,invalid_source_timestamp;invalid_sog
,,273295960,,59.673647,28.303152,,Fintraffic Digitraffic,,0.0,russian_mmsi,,False,False,False,False,invalid_source_timestamp
,,273296960,,59.673705,28.303503,,Fintraffic Digitraffic,,0.0,russian_mmsi,,False,False,False,False,invalid_source_timestamp
GEN. CHERNYAKHOVSKY,9878929,273298390,UBZW5,59.992515,27.160508,,Fintraffic Digitraffic,RU KGD <=> RU ULU,9.9,recent_russian_portcall_10d;russian_mmsi,,False,False,False,True,invalid_source_timestamp
DMITRY KOZHARSKIY,9836191,273298620,UBQV6,77.403215,11.298435,2026-07-21T05:23:18+00:00,BarentsWatch / Norwegian Coastal Administration,FISHING GROUND,3.1,russian_mmsi,,False,False,False,False,
BOGATYR,9841055,273299870,UBPW8,60.524705,28.154445,,Fintraffic Digitraffic,RUVY,0.2,russian_mmsi,,False,False,False,False,invalid_source_timestamp
,,273311070,,59.878393,30.235285,,Fintraffic Digitraffic,,6.3,russian_mmsi,,False,False,False,False,invalid_source_timestamp
KAMSKAYA,0,273314450,,59.671757,28.30214,,Fintraffic Digitraffic,RU SANKT-PETERBURH,1.5,russian_mmsi,,False,False,False,False,invalid_source_timestamp
BALTIYSK,8318130,273317640,UHMA,59.682358,28.420902,,Fintraffic Digitraffic,RUULU<=>KGD<=>RUULU,0.0,recent_russian_portcall_10d;russian_mmsi,,False,False,False,True,invalid_source_timestamp
SKIF,9365271,273319230,UADB,57.674087,32.532237,,Fintraffic Digitraffic,PRIMORSK,,recent_russian_portcall_10d;russian_mmsi,,False,False,False,True,invalid_source_timestamp;invalid_sog
TARPAN,9486996,273323610,UBSK9,60.571575,28.365953,,Fintraffic Digitraffic,O. MOSHCHNY,0.2,russian_mmsi,,False,False,False,False,invalid_source_timestamp
FESCO NOVIK,9296987,273329660,UCCJ,58.998523,21.49599,,Fintraffic Digitraffic,RU  LED  -  RU  KGD,11.1,recent_russian_portcall_10d;russian_mmsi,,False,False,False,True,invalid_source_timestamp
VANINO,8724779,273331620,UEYS,59.771955,28.44371,,Fintraffic Digitraffic,UST-LUGA,0.0,recent_russian_portcall_10d;russian_mmsi;sanctions_shadowfleet;watchlist,high,True,True,False,True,invalid_source_timestamp
,,273331690,,59.884782,30.225042,,Fintraffic Digitraffic,,0.3,russian_mmsi,,False,False,False,False,invalid_source_timestamp
SIGULDA,8228362,273332420,UBPF5,60.001388,29.70814,,Fintraffic Digitraffic,RU LED,0.4,recent_russian_portcall_10d;russian_mmsi,,False,False,False,True,invalid_source_timestamp
TAURUS,9657961,273332880,UBTI,75.577113,18.929898,2026-07-21T05:24:46+00:00,BarentsWatch / Norwegian Coastal Administration,NORVEGIAN SEA,4.1,russian_mmsi,,False,False,False,False,
SKRUNDA,8826761,273333420,UBPF6,59.811312,28.290958,,Fintraffic Digitraffic,BPSPB,1.4,russian_mmsi,,False,False,False,False,invalid_source_timestamp
,,273333950,,59.880067,30.231433,,Fintraffic Digitraffic,,0.6,russian_mmsi,,False,False,False,False,invalid_source_timestamp
SIVER,9673587,273335380,UHEF,60.62072,28.558187,,Fintraffic Digitraffic,VYSOTSK,0.0,recent_russian_portcall_10d;russian_mmsi,,False,False,False,True,invalid_source_timestamp
,,273337240,,59.919502,30.261903,,Fintraffic Digitraffic,,0.0,russian_mmsi,,False,False,False,False,invalid_source_timestamp
KHOLMOGORY,9109081,273342810,UBTE2,60.005122,29.714253,,Fintraffic Digitraffic,RULED<=>RUKGD,1.1,recent_russian_portcall_10d;russian_mmsi,,False,False,False,True,invalid_source_timestamp
FESCO NAVARIN,9296999,273343170,UBSL9,59.88201,30.19681,,Fintraffic Digitraffic,RU LED,1.7,recent_russian_portcall_10d;russian_mmsi,,False,False,False,True,invalid_source_timestamp
,,273344300,,59.920078,30.251933,,Fintraffic Digitraffic,,0.0,russian_mmsi,,False,False,False,False,invalid_source_timestamp
VOLGONEFT-262,8230900,273345500,UFTJ,60.467165,27.857575,,Fintraffic Digitraffic,VOZNESEN'E,,russian_mmsi,,False,False,False,False,invalid_source_timestamp;invalid_sog
TRUVOR,9311543,273348430,UBEG6,57.671862,32.52945,,Fintraffic Digitraffic,PRIM RU,39.4,russian_mmsi,,False,False,False,False,invalid_source_timestamp
,,273348500,,59.876438,30.223187,,Fintraffic Digitraffic,,0.0,russian_mmsi,,False,False,False,False,invalid_source_timestamp
,,273349470,,59.172602,21.985815,,Fintraffic Digitraffic,,9.1,russian_mmsi,,False,False,False,False,invalid_source_timestamp
FLANDRIA,8414477,273350220,UBBH2,60.020802,29.374882,,Fintraffic Digitraffic,RULED,0.0,recent_russian_portcall_10d;russian_mmsi;sanctions_shadowfleet;watchlist,high,True,True,False,True,invalid_source_timestamp
VIKING,7011606,273350380,UBMO,60.578805,28.499582,,Fintraffic Digitraffic,FOR ORDER,0.7,russian_mmsi,,False,False,False,False,invalid_source_timestamp
DOBRYNYA,9584968,273351080,UBSG4,59.6765,28.410372,,Fintraffic Digitraffic,RUULU,1.9,recent_russian_portcall_10d;russian_mmsi,,False,False,False,True,invalid_source_timestamp
DIR,9605683,273353110,UBTG9,57.671518,32.529037,,Fintraffic Digitraffic,PRIMORSK>>>,42.3,recent_russian_portcall_10d;russian_mmsi,,False,False,False,True,invalid_source_timestamp
,,273353580,,59.915747,30.247188,,Fintraffic Digitraffic,,5.4,russian_mmsi,,False,False,False,False,invalid_source_timestamp
KORSAKOV,8724793,273353940,UBDI4,59.772013,28.443397,,Fintraffic Digitraffic,USTLUGA SPB USTLUGA,0.0,recent_russian_portcall_10d;russian_mmsi,,False,False,False,True,invalid_source_timestamp
PIRAMIDA,,273354710,UBXG9,78.654615,16.380527,2026-07-20T20:15:06+00:00,BarentsWatch / Norwegian Coastal Administration,,1.3,russian_mmsi,,False,False,False,False,
MIDVOLGA-1,9648221,273355380,UBBJ8,59.109265,21.551198,,Fintraffic Digitraffic,KLD,6.7,russian_mmsi,,False,False,False,False,invalid_source_timestamp
AMBAL,8807416,273355410,UBVG7,58.545628,20.872278,,Fintraffic Digitraffic,RUKGD/RUULU,9.8,recent_russian_portcall_10d;russian_mmsi,,False,False,False,True,invalid_source_timestamp
BIZON,8853908,273355460,,60.004232,29.71105,,Fintraffic Digitraffic,RUULU,0.1,recent_russian_portcall_10d;russian_mmsi,,False,False,False,True,invalid_source_timestamp
MEGION,9590137,273355640,UBAI2,57.671988,32.529683,,Fintraffic Digitraffic,RUSPB,,russian_mmsi;sanctions_shadowfleet;watchlist,high,True,True,False,False,invalid_source_timestamp;invalid_sog
,,273355650,,59.994342,29.707332,,Fintraffic Digitraffic,,0.0,russian_mmsi,,False,False,False,False,invalid_source_timestamp
FORPOST,9039767,273355780,UBNJ3,59.222357,4.199683,2026-07-21T05:29:28+00:00,BarentsWatch / Norwegian Coastal Administration,TROMSO,12.9,russian_mmsi,,False,False,False,False,
,,273356180,,59.857073,28.396832,,Fintraffic Digitraffic,,0.0,russian_mmsi,,False,False,False,False,invalid_source_timestamp
RYAZAN,8915548,273357610,UBXG5,60.041585,28.502633,,Fintraffic Digitraffic,RULED,10.0,recent_russian_portcall_10d;russian_mmsi;sanctions_shadowfleet;watchlist,high,True,True,False,True,invalid_source_timestamp
,,273358970,,59.668692,28.296185,,Fintraffic Digitraffic,,0.0,russian_mmsi,,False,False,False,False,invalid_source_timestamp
ALLEK,9400253,273359290,UBQJ9,60.00207,29.708787,,Fintraffic Digitraffic,SANKT PETERBURG,0.1,recent_russian_portcall_10d;russian_mmsi,,False,False,False,True,invalid_source_timestamp
,,273359440,,59.880012,30.19458,,Fintraffic Digitraffic,,2.8,russian_mmsi,,False,False,False,False,invalid_source_timestamp
,,273362790,,59.914068,30.228858,,Fintraffic Digitraffic,,9.0,russian_mmsi,,False,False,False,False,invalid_source_timestamp
BALT FLOT 2,9751884,273365790,UBGM8,60.601678,28.478883,,Fintraffic Digitraffic,RU   VYSOTSK,0.3,recent_russian_portcall_10d;russian_mmsi,,False,False,False,True,invalid_source_timestamp
,,273367610,,59.907478,30.218487,,Fintraffic Digitraffic,,,russian_mmsi,,False,False,False,False,invalid_source_timestamp;invalid_sog
,,273368250,,61.598383,31.417385,,Fintraffic Digitraffic,,0.8,russian_mmsi,,False,False,False,False,invalid_source_timestamp
ABRAU,9422964,273368990,UBIM2,59.703673,28.378332,,Fintraffic Digitraffic,RU ULU,0.0,recent_russian_portcall_10d;russian_mmsi,,False,False,False,True,invalid_source_timestamp
NORDSTRAUM,9036284,273376490,UBSN9,71.064722,31.398867,2026-07-21T05:29:29+00:00,BarentsWatch / Norwegian Coastal Administration,NEAFK,9.1,russian_mmsi;sanctions_shadowfleet;watchlist,high,True,True,False,False,
TAURUS,8027793,273376520,UBMM8,59.690057,28.414395,,Fintraffic Digitraffic,RU USL,9.2,russian_mmsi,,False,False,False,False,invalid_source_timestamp
MIDVOLGA 2,9735139,273376900,UBIM3,60.604322,28.470332,,Fintraffic Digitraffic,RU0VYSOC,3.7,russian_mmsi,,False,False,False,False,invalid_source_timestamp
,,273380040,,59.703158,28.372877,,Fintraffic Digitraffic,,0.0,russian_mmsi,,False,False,False,False,invalid_source_timestamp
,,273385740,,59.678198,28.409958,,Fintraffic Digitraffic,,4.4,russian_mmsi,,False,False,False,False,invalid_source_timestamp
,,273386120,,59.881483,30.224758,,Fintraffic Digitraffic,,0.4,russian_mmsi,,False,False,False,False,invalid_source_timestamp
MIRAX A,9774551,273388930,UDYE,59.753823,28.40921,,Fintraffic Digitraffic,,8.2,russian_mmsi,,False,False,False,False,invalid_source_timestamp
VOLGOTRANS 2701,9823039,273389670,UBHP4,59.776767,28.409083,,Fintraffic Digitraffic,RUULU,,recent_russian_portcall_10d;russian_mmsi,,False,False,False,True,invalid_source_timestamp;invalid_sog
SPARTA,9268710,273389870,UCPH,60.015408,26.469543,,Fintraffic Digitraffic,RU KGD,9.3,recent_russian_portcall_10d;russian_mmsi;sanctions_shadowfleet;watchlist,high,True,True,False,True,invalid_source_timestamp
,,273390190,,59.924308,28.57302,,Fintraffic Digitraffic,,6.2,russian_mmsi,,False,False,False,False,invalid_source_timestamp
MALIK,9803431,273390590,UBCP9,59.965315,29.746432,,Fintraffic Digitraffic,SANKT-PETERSBURG,1.0,recent_russian_portcall_10d;russian_mmsi,,False,False,False,True,invalid_source_timestamp
BISON,9793507,273390690,UBDP6,60.592397,28.542987,,Fintraffic Digitraffic,VYSOTSK,0.4,recent_russian_portcall_10d;russian_mmsi,,False,False,False,True,invalid_source_timestamp
ZUBR,9793492,273391690,UBDP7,60.592717,28.542985,,Fintraffic Digitraffic,VYSOTSK,0.4,recent_russian_portcall_10d;russian_mmsi,,False,False,False,True,invalid_source_timestamp
BALT. ISSLEDOVATEL,9572020,273392360,UBAQ4,59.868217,30.217847,,Fintraffic Digitraffic,RU LED,0.0,recent_russian_portcall_10d;russian_mmsi,,False,False,False,True,invalid_source_timestamp
KAPITAN SAKHAROV,9279434,273395150,UAOU,59.451062,22.38358,,Fintraffic Digitraffic,RU KGD,9.0,recent_russian_portcall_10d;russian_mmsi,,False,False,False,True,invalid_source_timestamp
,,273396150,,59.157952,21.699937,,Fintraffic Digitraffic,,8.6,russian_mmsi,,False,False,False,False,invalid_source_timestamp
,,273396190,,59.71927,28.39299,,Fintraffic Digitraffic,,2.1,russian_mmsi,,False,False,False,False,invalid_source_timestamp
OPTIMUS,9105152,273396370,UBUO9,70.740437,31.525618,2026-07-21T05:29:26+00:00,BarentsWatch / Norwegian Coastal Administration,RU MMK,7.3,recent_russian_portcall_10d;russian_mmsi,,False,False,False,True,
TIKSY,8821802,273396870,UFVH,59.552773,22.771853,,Fintraffic Digitraffic,RU KGD,11.7,recent_russian_portcall_10d;russian_mmsi,,False,False,False,True,invalid_source_timestamp
ASTERIY,8409290,273397140,UBRP9,60.618382,28.560617,,Fintraffic Digitraffic,VYSOTSK,0.0,recent_russian_portcall_10d;russian_mmsi,,False,False,False,True,invalid_source_timestamp
KORD WIND,9013658,273397150,UCXQ,59.720717,28.260917,,Fintraffic Digitraffic,RU ULU,0.2,recent_russian_portcall_10d;russian_mmsi,,False,False,False,True,invalid_source_timestamp
KAPITAN GERASHCHENKO,8604022,273398180,UAJQ,70.850448,32.772835,2026-07-20T10:00:23+00:00,BarentsWatch / Norwegian Coastal Administration,RUMMK,9.4,recent_russian_portcall_10d;russian_mmsi,,False,False,False,True,
EDINIY,9831622,273398340,UCWD,60.559777,28.355705,,Fintraffic Digitraffic,RU KGD,0.1,recent_russian_portcall_10d;russian_mmsi,,False,False,False,True,invalid_source_timestamp
ALTAIR,8112627,273398790,UBEP5,57.67237,32.53019,,Fintraffic Digitraffic,UST LUGA,56.8,recent_russian_portcall_10d;russian_mmsi,,False,False,False,True,invalid_source_timestamp
SPARTA IV,9743033,273413440,UIYM,59.908948,30.230265,,Fintraffic Digitraffic,RULED,0.0,recent_russian_portcall_10d;russian_mmsi,,False,False,False,True,invalid_source_timestamp
AKADEMIK S. VAVILOV,8507729,273414400,UAUO,59.94984,30.194175,,Fintraffic Digitraffic,RU LED,0.2,recent_russian_portcall_10d;russian_mmsi,,False,False,False,True,invalid_source_timestamp
AVIOR,9164512,273415140,UHFR,59.911193,28.684548,,Fintraffic Digitraffic,RU  ULU,0.0,recent_russian_portcall_10d;russian_mmsi;sanctions_shadowfleet;watchlist,high,True,True,False,True,invalid_source_timestamp
DMITRIY RULEVSKIY,8724767,273424720,UBQO,60.032778,29.283472,,Fintraffic Digitraffic,ULU,,russian_mmsi,,False,False,False,False,invalid_source_timestamp;invalid_sog
,,273429020,,59.79294,30.636988,,Fintraffic Digitraffic,,8.5,russian_mmsi,,False,False,False,False,invalid_source_timestamp
GESPER,8409305,273429690,UBFR2,59.75994,28.429843,,Fintraffic Digitraffic,UST LUGA,,recent_russian_portcall_10d;russian_mmsi,,False,False,False,True,invalid_source_timestamp;invalid_sog
NARVA,8923557,273430960,UBFJ8,59.883302,30.188148,,Fintraffic Digitraffic,SPB,0.3,russian_mmsi,,False,False,False,False,invalid_source_timestamp
PROTEY,8603004,273431970,UBVR2,59.757933,28.428633,,Fintraffic Digitraffic,UST-LUGA,0.6,recent_russian_portcall_10d;russian_mmsi,,False,False,False,True,invalid_source_timestamp
VYATICH,9332664,273434680,UBAG9,60.332577,28.714678,,Fintraffic Digitraffic,RUPRIMORSK,0.3,recent_russian_portcall_10d;russian_mmsi,,False,False,False,True,invalid_source_timestamp
RYURIK,9340790,273435190,UBUA,57.671975,32.529738,,Fintraffic Digitraffic,PRIMORSK,45.0,recent_russian_portcall_10d;russian_mmsi,,False,False,False,True,invalid_source_timestamp
VOLGO_BALT 188,8875530,273435220,UFMV,60.025173,29.421393,,Fintraffic Digitraffic,,6.1,russian_mmsi,,False,False,False,False,invalid_source_timestamp
KEM,8413370,273439910,UBGR3,69.729397,30.076047,2026-07-21T05:27:40+00:00,BarentsWatch / Norwegian Coastal Administration,KIRKENES,0.0,russian_mmsi,,False,False,False,False,
TUR,8728244,273444990,UGLB,59.75325,28.4286,,Fintraffic Digitraffic,RULED,0.2,recent_russian_portcall_10d;russian_mmsi,,False,False,False,True,invalid_source_timestamp
ALDAN,8912508,273453010,UBBS3,71.287372,21.026657,2026-07-21T05:29:32+00:00,BarentsWatch / Norwegian Coastal Administration,RUKAN,10.6,recent_russian_portcall_10d;russian_mmsi,,False,False,False,True,
,,273456070,,59.865562,28.439785,,Fintraffic Digitraffic,,3.9,russian_mmsi,,False,False,False,False,invalid_source_timestamp
SGV-FLOT,8033089,273458830,UBSB,60.0269,29.310433,,Fintraffic Digitraffic,RU LED,5.7,recent_russian_portcall_10d;russian_mmsi,,False,False,False,True,invalid_source_timestamp
ARIES,7802110,273538310,UIJW,59.70804,28.381382,,Fintraffic Digitraffic,RU ULU,1.1,recent_russian_portcall_10d;russian_mmsi,,False,False,False,True,invalid_source_timestamp
,,273546420,,59.981465,29.763582,,Fintraffic Digitraffic,,6.2,russian_mmsi,,False,False,False,False,invalid_source_timestamp
ORION,9847839,273611360,UBMY4,72.646792,24.780517,2026-07-21T05:23:17+00:00,BarentsWatch / Norwegian Coastal Administration,NORWEGIAN SEA,11.7,russian_mmsi,,False,False,False,False,
VOSTOCHNY PROSPECT,9866392,273611590,UBEZ2,68.884912,12.354407,2026-07-21T05:29:28+00:00,BarentsWatch / Norwegian Coastal Administration,RU PRI => RU MMK,11.9,recent_russian_portcall_10d;russian_mmsi;sanctions_shadowfleet;watchlist,high,True,True,False,True,
,,273614470,,60.059247,29.377627,,Fintraffic Digitraffic,,9.0,russian_mmsi,,False,False,False,False,invalid_source_timestamp
LEV,9847841,273615070,UBRY4,71.198403,31.662427,2026-07-21T05:29:22+00:00,BarentsWatch / Norwegian Coastal Administration,MURMANSK,9.1,recent_russian_portcall_10d;russian_mmsi,,False,False,False,True,
GANDVIK-1,9886237,273616700,UBFX6,74.89166666666667,24.243333333333332,2026-07-21T05:22:36+00:00,BarentsWatch / Norwegian Coastal Administration,BARENTS SEA,10.0,russian_mmsi,,False,False,False,False,
,,273616940,,60.424193,31.171767,,Fintraffic Digitraffic,,11.3,russian_mmsi,,False,False,False,False,invalid_source_timestamp
KOPORYE,9982952,273618490,UBDZ8,59.669943,28.297345,,Fintraffic Digitraffic,UST'-LUGA,0.1,recent_russian_portcall_10d;russian_mmsi,,False,False,False,True,invalid_source_timestamp
VITYAZ,9879557,273618550,UBHY8,60.524678,28.154592,,Fintraffic Digitraffic,VYSOTSK,0.0,recent_russian_portcall_10d;russian_mmsi,,False,False,False,True,invalid_source_timestamp
ZELENOGRADSK,9143403,273618890,UBFZ9,57.881742,20.859357,,Fintraffic Digitraffic,RU KLD,10.1,russian_mmsi,,False,False,False,False,invalid_source_timestamp
MELKART-7,8615318,273619960,UBQY8,68.87166666666667,3.896666666666667,2026-07-21T05:22:34+00:00,BarentsWatch / Norwegian Coastal Administration,RUMMK,9.0,recent_russian_portcall_10d;russian_mmsi,,False,False,False,True,
LL ANTIAS,9055199,273843800,UINP,74.70883,25.120028,2026-07-21T03:25:33+00:00,BarentsWatch / Norwegian Coastal Administration,,2.1,russian_mmsi,,False,False,False,False,
LLV KAPRODON,9055204,273844800,,74.684847,25.012063,2026-07-21T02:57:47+00:00,BarentsWatch / Norwegian Coastal Administration,BARENTS SEA,1.7,russian_mmsi,,False,False,False,False,
MYS GVOZDEVA,9053268,273890200,UIFZ,75.495688,19.64689,2026-07-21T05:22:53+00:00,BarentsWatch / Norwegian Coastal Administration,FISHING GROUND,4.6,russian_mmsi,,False,False,False,False,
MYS KORSAKOVA,9053256,273891000,UHRO,75.4746,19.69,2026-07-21T05:22:34+00:00,BarentsWatch / Norwegian Coastal Administration,BARENTS SEA,3.7,russian_mmsi,,False,False,False,False,
,,273911100,,59.9129,30.24159,,Fintraffic Digitraffic,,0.5,russian_mmsi,,False,False,False,False,invalid_source_timestamp
SERENADA,9201865,275545000,YLSR,59.869278,25.865622,,Fintraffic Digitraffic,RULED,8.8,recent_russian_portcall_10d,,False,False,False,True,invalid_source_timestamp
KAMILLA,9427081,305108000,V2CU2,60.016333,29.359727,,Fintraffic Digitraffic,RULED,1.8,recent_russian_portcall_10d,,False,False,False,True,invalid_source_timestamp
KAROLIINA,9381380,305201000,V2QZ6,60.01232,29.38369,,Fintraffic Digitraffic,RULED,1.2,recent_russian_portcall_10d,,False,False,False,True,invalid_source_timestamp
KLARA,9507130,305373000,V2RG2,59.763815,28.434217,,Fintraffic Digitraffic,RUULU,0.0,recent_russian_portcall_10d,,False,False,False,True,invalid_source_timestamp
KLAUDIA,9421075,305453000,V2RK4,57.778342,6.202373,2026-07-21T05:29:32+00:00,BarentsWatch / Norwegian Coastal Administration,RU LED,9.7,recent_russian_portcall_10d,,False,False,False,True,
KERLI,9125695,305468000,V2RG9,59.892787,30.211263,,Fintraffic Digitraffic,RULED,0.1,recent_russian_portcall_10d,,False,False,False,True,invalid_source_timestamp
ANNE,9433365,305871000,V2RJ8,60.008563,29.396838,,Fintraffic Digitraffic,RULED ANCHORAGE,0.1,recent_russian_portcall_10d,,False,False,False,True,invalid_source_timestamp
DUNCAN ISLAND,9059638,308704000,C6JS,60.11658,31.398563,,Fintraffic Digitraffic,RULED,,recent_russian_portcall_10d,,False,False,False,True,invalid_source_timestamp;invalid_sog
CROWN GARNET,9128049,311000782,C6DT9,59.87008,30.210753,,Fintraffic Digitraffic,RULED,0.0,recent_russian_portcall_10d,,False,False,False,True,invalid_source_timestamp
BRAVE M,9153496,312726000,V3NX8,59.9567,29.8256,,Fintraffic Digitraffic,RU LED,10.4,recent_russian_portcall_10d,,False,False,False,True,invalid_source_timestamp
TORVIAN,9470131,314001155,8PPK,60.01359,28.487255,,Fintraffic Digitraffic,RU ULU,0.1,recent_russian_portcall_10d,,False,False,False,True,invalid_source_timestamp
AEQUORA FORTUNE,9297503,314153000,8PQN,59.812022,28.408547,,Fintraffic Digitraffic,UST LUGA,0.4,recent_russian_portcall_10d,,False,False,False,True,invalid_source_timestamp
ROXETTE,9433896,314935000,8P2429,59.883043,30.207812,,Fintraffic Digitraffic,RULED,0.3,recent_russian_portcall_10d,,False,False,False,True,invalid_source_timestamp
RIZABEY,9197117,352001807,3E2626,60.004072,28.61198,,Fintraffic Digitraffic,RU ULU,9.1,recent_russian_portcall_10d,,False,False,False,True,invalid_source_timestamp
BC PISTI,9851359,352002479,3E2321,66.833818,8.151333,2026-07-21T05:11:30+00:00,BarentsWatch / Norwegian Coastal Administration,RUMMK,12.2,recent_russian_portcall_10d,,False,False,False,True,
CHARM LOONG,9464390,352003211,3E6074,59.837273,25.994755,,Fintraffic Digitraffic,RU ULU,0.3,recent_russian_portcall_10d,,False,False,False,True,invalid_source_timestamp
COOL EMERALD,9982237,352005037,3E7243,59.913935,30.229728,,Fintraffic Digitraffic,RULED,0.1,recent_russian_portcall_10d,,False,False,False,True,invalid_source_timestamp
CENTURION I,9436020,352005238,3E8383,59.828155,28.41216,,Fintraffic Digitraffic,FOR_ORDERS,0.4,sanctions_shadowfleet;watchlist,high,True,True,False,False,invalid_source_timestamp
DOVE,9297541,352005301,3E8600,59.664333,23.56355,,Fintraffic Digitraffic,SGSIN,11.7,sanctions_shadowfleet;watchlist,high,True,True,False,False,invalid_source_timestamp
BROAD WEALTH,9456238,352006327,3EA4151,59.501088,23.093993,,Fintraffic Digitraffic,RULED,10.4,recent_russian_portcall_10d,,False,False,False,True,invalid_source_timestamp
BALTIC SHARK,9315032,352006698,3E8024,59.707827,24.37159,,Fintraffic Digitraffic,RULED,13.6,recent_russian_portcall_10d,,False,False,False,True,invalid_source_timestamp
YUNTONG,9424235,353738000,3FNG4,59.863678,28.393978,,Fintraffic Digitraffic,RUULU,0.2,recent_russian_portcall_10d,,False,False,False,True,invalid_source_timestamp
PAROS,9296195,354290000,3FIV5,59.821297,28.410962,,Fintraffic Digitraffic,UST-LUGA,0.1,recent_russian_portcall_10d,,False,False,False,True,invalid_source_timestamp
MSC MANDY III,8918966,354537000,HPRL,59.072528,21.529682,,Fintraffic Digitraffic,RULED>LVRIX,16.0,recent_russian_portcall_10d,,False,False,False,True,invalid_source_timestamp
LUCKY FIONA,9410442,370727000,3FGG5,59.686018,28.420517,,Fintraffic Digitraffic,RU ULU,0.0,recent_russian_portcall_10d,,False,False,False,True,invalid_source_timestamp
MIKHAIL DUDIN,9057329,371950000,3FHO9,59.502067,23.191443,,Fintraffic Digitraffic,RULED,5.2,recent_russian_portcall_10d,,False,False,False,True,invalid_source_timestamp
OBAHAN C,9748253,374721000,3EWU7,59.838768,28.397318,,Fintraffic Digitraffic,RU ULU,0.8,recent_russian_portcall_10d,,False,False,False,True,invalid_source_timestamp
DONNA JUDI,9519171,376686000,J8B6121,59.770747,28.416673,,Fintraffic Digitraffic,RUULU,0.0,recent_russian_portcall_10d,,False,False,False,True,invalid_source_timestamp
MEGHNA PROGRESS,9928853,405000390,S2CL6,59.591213,23.634108,,Fintraffic Digitraffic,RU ULU,10.8,recent_russian_portcall_10d,,False,False,False,True,invalid_source_timestamp
OASIS,9511387,461000237,A4DR2,60.447932,27.873128,,Fintraffic Digitraffic,RUPRI>RUVYS,,recent_russian_portcall_10d;sanctions_shadowfleet;watchlist,high,True,True,False,True,invalid_source_timestamp;invalid_sog
AMULET,9413547,461000238,A4DR4,60.331653,28.711183,,Fintraffic Digitraffic,RUPRI,0.0,recent_russian_portcall_10d;sanctions_shadowfleet;watchlist,high,True,True,False,True,invalid_source_timestamp
DINASTY,9311622,461000242,A4DS4,60.00155,28.480767,,Fintraffic Digitraffic,RUPRI,0.1,recent_russian_portcall_10d;sanctions_shadowfleet;watchlist,high,True,True,False,True,invalid_source_timestamp
SOLARIS,9333436,461000248,A4DT7,59.948283,28.7043,,Fintraffic Digitraffic,RU ULU,1.3,recent_russian_portcall_10d;sanctions_shadowfleet;watchlist,high,True,True,False,True,invalid_source_timestamp
LAVENDER,9339337,461000249,A4DT8,60.014818,27.055818,,Fintraffic Digitraffic,BALTIC FOR ORDER,0.6,sanctions_shadowfleet;watchlist,high,True,True,False,False,invalid_source_timestamp
CARMA,9341081,461000252,A4DU6,59.915043,28.658053,,Fintraffic Digitraffic,EG SUZ > RU ULU,0.3,recent_russian_portcall_10d;sanctions_shadowfleet;watchlist,high,True,True,False,True,invalid_source_timestamp
CAMEL,9341079,461000253,A4DU9,60.389153,1.981078,2026-07-20T16:50:16+00:00,BarentsWatch / Norwegian Coastal Administration,FOR ORDERS,11.8,sanctions_shadowfleet;watchlist,high,True,True,False,False,
NOMAD,9610781,461000254,A4DV5,59.9175,28.598667,,Fintraffic Digitraffic,EGPSD - RUULU,0.1,recent_russian_portcall_10d;sanctions_shadowfleet;watchlist,high,True,True,False,True,invalid_source_timestamp
MIRABEL,9511521,461000255,A4DV6,59.778888,28.414505,,Fintraffic Digitraffic,RUULU,0.1,recent_russian_portcall_10d;sanctions_shadowfleet;watchlist,high,True,True,False,True,invalid_source_timestamp
PRIMAVERA,9511533,461000256,A4DV7,59.923147,28.627767,,Fintraffic Digitraffic,RUULU,0.0,recent_russian_portcall_10d;sanctions_shadowfleet;watchlist,high,True,True,False,True,invalid_source_timestamp
NEWNEW PANDA 1,9315965,477909800,VRVU6,60.027867,28.854933,,Fintraffic Digitraffic,RULED,10.8,recent_russian_portcall_10d,,False,False,False,True,invalid_source_timestamp
BAO MING,9592886,477961500,VRHK7,60.003717,28.447917,,Fintraffic Digitraffic,RU ULU,0.0,recent_russian_portcall_10d,,False,False,False,True,invalid_source_timestamp
S Y ARCTICA II,,518887000,E5U2834,79.806693,11.571027,2026-07-21T05:21:45+00:00,BarentsWatch / Norwegian Coastal Administration,,0.1,falseflag_interest,,False,False,True,False,
CHRYSTAL SKY,9334569,538004215,V7VU5,59.983738,28.554612,,Fintraffic Digitraffic,UST LUGA,2.2,recent_russian_portcall_10d,,False,False,False,True,invalid_source_timestamp
SFERA,9304576,538005194,V7BT4,60.013525,28.466468,,Fintraffic Digitraffic,RUULU,0.0,recent_russian_portcall_10d,,False,False,False,True,invalid_source_timestamp
TAURUS,9273818,538010828,V7A7477,71.609013,26.575903,2026-07-21T05:29:27+00:00,BarentsWatch / Norwegian Coastal Administration,RUMMK,12.6,recent_russian_portcall_10d,,False,False,False,True,
CS STANDARD,9438509,566041000,9V9354,60.010065,29.343867,,Fintraffic Digitraffic,RULED,0.1,recent_russian_portcall_10d,,False,False,False,True,invalid_source_timestamp
DALVA,9378620,613271403,TJM021,59.986042,28.513235,,Fintraffic Digitraffic,UST LUGA,3.6,falseflag_interest;recent_russian_portcall_10d;sanctions_shadowfleet;watchlist,high,True,True,True,True,invalid_source_timestamp
THRON,9404948,613271404,TJMO22,60.090553,29.323083,,Fintraffic Digitraffic,ST.PETERSBURG,0.0,falseflag_interest;recent_russian_portcall_10d;sanctions_shadowfleet;watchlist,high,True,True,True,True,invalid_source_timestamp
SARASWATI,9383869,613411502,TJMRY2,59.924165,28.63868,,Fintraffic Digitraffic,UST'-LUGA,0.0,falseflag_interest;recent_russian_portcall_10d;sanctions_shadowfleet;watchlist,high,True,True,True,True,invalid_source_timestamp
RORA,9288722,613469620,TJM0133,59.928342,28.659825,,Fintraffic Digitraffic,RU ULU,,falseflag_interest;recent_russian_portcall_10d;sanctions_shadowfleet;watchlist,high,True,True,True,True,invalid_source_timestamp;invalid_sog
RIGEL,9296406,613572604,TJM61,59.898683,28.60285,,Fintraffic Digitraffic,UST LUGA,0.0,falseflag_interest;recent_russian_portcall_10d;sanctions_shadowfleet;watchlist,high,True,True,True,True,invalid_source_timestamp
MIRADOR,9288693,613667000,TJM2101,60.105275,29.32241,,Fintraffic Digitraffic,RULED,0.2,falseflag_interest;recent_russian_portcall_10d;sanctions_shadowfleet;watchlist,high,True,True,True,True,invalid_source_timestamp
MELITE,9288710,613710000,TJMC961,60.107662,29.34547,,Fintraffic Digitraffic,RU LED,0.3,falseflag_interest;recent_russian_portcall_10d;sanctions_shadowfleet;watchlist,high,True,True,True,True,invalid_source_timestamp
LION I,9384069,613881403,TJM19C,59.933577,28.619978,,Fintraffic Digitraffic,SINGAPORE,0.1,falseflag_interest;sanctions_shadowfleet;watchlist,high,True,True,True,False,invalid_source_timestamp
AQUA TITAN,9332781,613961020,TJM41,60.005077,28.674753,,Fintraffic Digitraffic,"""FOR_ORDER""",1.4,falseflag_interest;sanctions_shadowfleet;watchlist,high,True,True,True,False,invalid_source_timestamp
SPIRIT 2,9409259,631010071,3CAN32,60.137063,27.621498,,Fintraffic Digitraffic,FOR ORDERS,12.6,sanctions_shadowfleet;watchlist,high,True,True,False,False,invalid_source_timestamp
AGATE,9310707,631010112,3CAN40,60.089635,29.40012,,Fintraffic Digitraffic,ST PETERSBURG,0.4,recent_russian_portcall_10d;sanctions_shadowfleet;watchlist,high,True,True,False,True,invalid_source_timestamp
VIREL,9299874,631010120,3CAN48,59.828548,25.909383,,Fintraffic Digitraffic,TALINN OPL,0.1,sanctions_shadowfleet;watchlist,high,True,True,False,False,invalid_source_timestamp
VIKRAM,9205067,631010121,3CAN49,71.316102,18.813602,2026-07-21T05:29:25+00:00,BarentsWatch / Norwegian Coastal Administration,BARENTS SEA FOR ORDR,8.0,sanctions_shadowfleet;watchlist,high,True,True,False,False,
SKIRON,9247443,631010126,3CAN54,59.96849,28.492713,,Fintraffic Digitraffic,RUULU,2.2,recent_russian_portcall_10d;sanctions_shadowfleet;watchlist,high,True,True,False,True,invalid_source_timestamp
POPI S,9527233,636015428,D5AR4,59.864573,28.435538,,Fintraffic Digitraffic,RUULU,0.2,recent_russian_portcall_10d,,False,False,False,True,invalid_source_timestamp
NEW EXPLORER,9481489,636016450,D5GF9,59.770667,28.394683,,Fintraffic Digitraffic,RU ULU,0.0,recent_russian_portcall_10d,,False,False,False,True,invalid_source_timestamp
ORPHEUS,9646675,636017782,D5MR7,59.691588,28.426647,,Fintraffic Digitraffic,RU ULU,0.0,recent_russian_portcall_10d,,False,False,False,True,invalid_source_timestamp
ARRHENIUS,9471032,636019884,D5WP6,59.914298,28.716297,,Fintraffic Digitraffic,RU ULU,2.1,recent_russian_portcall_10d,,False,False,False,True,invalid_source_timestamp
KIRA OLDENDORFF,9867566,636019974,D5XB3,59.69137,28.425583,,Fintraffic Digitraffic,RUULU,0.0,recent_russian_portcall_10d,,False,False,False,True,invalid_source_timestamp
COLD STREAM,9051791,636020388,D5YZ4,60.066452,28.38206,,Fintraffic Digitraffic,RU LED,13.3,recent_russian_portcall_10d,,False,False,False,True,invalid_source_timestamp
TRANSTIME,9595929,636021217,5LCV8,59.771603,28.432087,,Fintraffic Digitraffic,RU ULU,0.0,recent_russian_portcall_10d,,False,False,False,True,invalid_source_timestamp
HORIZZON,9334789,636022668,5LJW8,59.982418,28.613048,,Fintraffic Digitraffic,RU ULU,1.6,recent_russian_portcall_10d,,False,False,False,True,invalid_source_timestamp
IRMGARD,9590967,636023986,5LQK3,59.892573,30.218648,,Fintraffic Digitraffic,RULED,0.1,recent_russian_portcall_10d,,False,False,False,True,invalid_source_timestamp
TG CRAB,9400394,636024043,5LQR9,59.84635,25.817517,,Fintraffic Digitraffic,RULED,1.1,recent_russian_portcall_10d,,False,False,False,True,invalid_source_timestamp
HAWK S,1082782,636025355,5LXA7,59.878363,30.190672,,Fintraffic Digitraffic,RU LED,0.0,recent_russian_portcall_10d,,False,False,False,True,invalid_source_timestamp
SENHO LUMINA,9433547,636025845,5LZK8,59.7734,24.9432,,Fintraffic Digitraffic,UST LUGA,8.5,recent_russian_portcall_10d,,False,False,False,True,invalid_source_timestamp
POROS,9336983,636025948,5LZX2,59.835362,25.761105,,Fintraffic Digitraffic,PRIMORSK,0.3,recent_russian_portcall_10d,,False,False,False,True,invalid_source_timestamp
EVAGELIA,1085992,636026119,A8IQ8,60.118068,31.38666,,Fintraffic Digitraffic,RULED,50.5,recent_russian_portcall_10d,,False,False,False,True,invalid_source_timestamp
ROSTRUM CYNIC,9955909,636093237,5LHD6,60.118282,31.37241,,Fintraffic Digitraffic,RULED,,recent_russian_portcall_10d,,False,False,False,True,invalid_source_timestamp;invalid_sog
ROSTRUM SCEPTIC,9955923,636093290,5LHD8,59.855007,26.012508,,Fintraffic Digitraffic,RU ULU,0.9,recent_russian_portcall_10d,,False,False,False,True,invalid_source_timestamp
EVA OLDENDORFF,9707754,636093331,D5KJ8,59.674805,28.408338,,Fintraffic Digitraffic,NLTNZ-RUULU,0.0,recent_russian_portcall_10d,,False,False,False,True,invalid_source_timestamp
MICHELANGELO,1030820,636093385,5LQQ4,59.728337,28.434552,,Fintraffic Digitraffic,RUULU,0.0,recent_russian_portcall_10d,,False,False,False,True,invalid_source_timestamp
MYRA,9336490,647260302,5RA002,59.81819,28.396093,,Fintraffic Digitraffic,RU ULU,1.4,falseflag_interest;recent_russian_portcall_10d;sanctions_shadowfleet;watchlist,high,True,True,True,True,invalid_source_timestamp
THORIN,9330472,667001235,9LU2038,59.913345,28.638738,,Fintraffic Digitraffic,GOF FOR ORDERS,0.3,sanctions_shadowfleet;watchlist,high,True,True,False,False,invalid_source_timestamp
FURIA,9257802,667001248,9LU2051,59.925425,28.595705,,Fintraffic Digitraffic,RUULU,0.1,recent_russian_portcall_10d;sanctions_shadowfleet;watchlist,high,True,True,False,True,invalid_source_timestamp
TIBURON,9283291,667001287,9LU2090,59.901887,28.65901,,Fintraffic Digitraffic,RU ULU,0.7,recent_russian_portcall_10d;sanctions_shadowfleet;watchlist,high,True,True,False,True,invalid_source_timestamp
KUBERA,9292577,667001300,9LU2103,60.105735,29.369942,,Fintraffic Digitraffic,RULED FOR ORDERS,0.6,recent_russian_portcall_10d;sanctions_shadowfleet;watchlist,high,True,True,False,True,invalid_source_timestamp
ARABESCA,9288734,667001321,9LU2124,59.920377,28.67069,,Fintraffic Digitraffic,RUULU,0.0,recent_russian_portcall_10d;sanctions_shadowfleet;watchlist,high,True,True,False,True,invalid_source_timestamp
GARASAN,9323986,667002004,9LU2807,59.87892,25.932603,,Fintraffic Digitraffic,RUULU,4.9,recent_russian_portcall_10d;sanctions_shadowfleet;watchlist,high,True,True,False,True,invalid_source_timestamp
VOKKI,9434890,667002021,9LU2824,60.100153,29.381267,,Fintraffic Digitraffic,RU LED,0.9,recent_russian_portcall_10d;sanctions_shadowfleet;watchlist,high,True,True,False,True,invalid_source_timestamp
BULLAR,9389679,667002240,9LS1943,59.909545,28.62077,,Fintraffic Digitraffic,RUULU,0.2,recent_russian_portcall_10d;sanctions_shadowfleet;watchlist,high,True,True,False,True,invalid_source_timestamp
GLACIA,9321689,667002284,9LS1987,59.93158,28.603148,,Fintraffic Digitraffic,GOF FOR ORDERS,0.1,sanctions_shadowfleet;watchlist,high,True,True,False,False,invalid_source_timestamp
TEMPEST DREAM,9308132,667002310,9LS2013,59.852263,25.893942,,Fintraffic Digitraffic,TALLINN OPL,0.1,sanctions_shadowfleet;watchlist,high,True,True,False,False,invalid_source_timestamp
LERUO,9385831,667002320,9LS2023,60.100352,29.34236,,Fintraffic Digitraffic,RULED,0.9,recent_russian_portcall_10d;sanctions_shadowfleet;watchlist,high,True,True,False,True,invalid_source_timestamp
UTAKI,9262924,667002334,9LS2037,60.099093,29.35823,,Fintraffic Digitraffic,GOF,1.9,sanctions_shadowfleet;watchlist,high,True,True,False,False,invalid_source_timestamp
PIERRE,9266877,667002336,9LS2039,60.022808,28.466868,,Fintraffic Digitraffic,"UST-LUGA,RUSSIA",0.1,recent_russian_portcall_10d;sanctions_shadowfleet;watchlist,high,True,True,False,True,invalid_source_timestamp
SILVERA,9248849,667002338,9LS2041,59.988418,26.98681,,Fintraffic Digitraffic,SUEZ FOR ORDERS,10.8,sanctions_shadowfleet;watchlist,high,True,True,False,False,invalid_source_timestamp
SANKT-PETERBURG,9936484,667002346,9LS2049,60.019678,29.38995,,Fintraffic Digitraffic,INMUN>RULED,4.9,recent_russian_portcall_10d,,False,False,False,True,invalid_source_timestamp
NACHOS,9330604,667002359,9LS2062,59.893667,28.695897,,Fintraffic Digitraffic,RUULU,1.8,recent_russian_portcall_10d;sanctions_shadowfleet;watchlist,high,True,True,False,True,invalid_source_timestamp
MIRES,9299771,667002360,9LS2063,60.084727,29.337788,,Fintraffic Digitraffic,RU LED,0.0,recent_russian_portcall_10d;sanctions_shadowfleet;watchlist,high,True,True,False,True,invalid_source_timestamp
C VIKING,9261657,667002414,9LS2117,59.80847,28.400297,,Fintraffic Digitraffic,RU ULU,0.2,recent_russian_portcall_10d;sanctions_shadowfleet;watchlist,high,True,True,False,True,invalid_source_timestamp
JIA YANG,1118244,677014700,51M247,78.71333333333334,30.94,2026-07-20T13:19:17+00:00,BarentsWatch / Norwegian Coastal Administration,,7.0,falseflag_interest,,False,False,True,False,
SC 609,1085643,677049600,5IM596,71.58166666666666,19.353333333333335,2026-07-20T18:48:11+00:00,BarentsWatch / Norwegian Coastal Administration,MOFFA GUINEA,1.0,falseflag_interest,,False,False,True,False,
S C 612,,677078500,5IM885,75.42166666666667,29.15,2026-07-21T04:11:26+00:00,BarentsWatch / Norwegian Coastal Administration,,1.0,falseflag_interest,,False,False,True,False,
GREAT WALL 21,,677086900,5IM969,61.95166666666667,3.65,2026-07-21T03:22:20+00:00,BarentsWatch / Norwegian Coastal Administration,,7.0,falseflag_interest,,False,False,True,False,
XING SHENG,9384904,314169000,8PRD,53.32247,3.61627,2026-07-11T11:46:20.667540+00:00,AISStream,GIGIB > RUULU,13.2,recent_russian_portcall_10d,,False,False,False,True,
ARACHTHOS I,9935143,636021090,5LCF6,59.22408333333333,22.123141666666665,2026-07-11T11:45:26.332828+00:00,AISStream,UST LUGA,14.1,recent_russian_portcall_10d,,False,False,False,True,
ECO SORCERER,9933468,538009926,V7A5351,59.744836666666664,24.647426666666668,2026-07-11T11:41:03.344309+00:00,AISStream,RU ULU,,recent_russian_portcall_10d,,False,False,False,True,invalid_sog
TRAVERSE ANTWERP,9330317,371623000,3EDH3,55.68575,12.685966666666667,2026-07-11T11:40:43.141361+00:00,AISStream,RU LED,10.2,recent_russian_portcall_10d,,False,False,False,True,
EQUINOX GALINI,9503990,319995000,ZGBZ7,57.48688166666667,11.380078333333334,2026-07-11T11:47:25.976787+00:00,AISStream,RU ULU,13.9,recent_russian_portcall_10d,,False,False,False,True,
VULKAN,9297371,273279660,UAAF9,59.82015,25.344285,2026-07-11T11:45:23.822841+00:00,AISStream,RUPRI,10.7,recent_russian_portcall_10d;russian_mmsi;sanctions_shadowfleet;watchlist,high,True,True,False,True,
MIA,8918435,273611990,UBGZ2,59.67271,24.12938,2026-07-11T11:47:25.474557+00:00,AISStream,RULED,9.5,recent_russian_portcall_10d;russian_mmsi,,False,False,False,True,
MSC NEDERLAND III,8918954,355254000,HPMR,57.54211333333333,8.923373333333332,2026-07-11T11:47:11.556647+00:00,AISStream,RULED,19.7,recent_russian_portcall_10d,,False,False,False,True,
BALTIC WHALE,9354454,352006699,3E8025,55.56057833333333,12.705375,2026-07-11T11:44:18.257876+00:00,AISStream,RULED VIA DROGDEN,8.1,recent_russian_portcall_10d,,False,False,False,True,
KENDRA,9454814,304364000,V2RJ4,55.656708333333334,15.392835,2026-07-11T11:45:30.376560+00:00,AISStream,RULED,10.3,recent_russian_portcall_10d,,False,False,False,True,
RICHLY,9213363,311002106,C6KM6,50.20315166666667,-0.68013,2026-07-11T11:45:42.829153+00:00,AISStream,UST LUGA,10.1,recent_russian_portcall_10d,,False,False,False,True,
KERTU,9344368,256956000,9HA4046,59.93783,26.249416666666665,2026-07-11T11:46:52.865019+00:00,AISStream,RULED,9.2,recent_russian_portcall_10d,,False,False,False,True,
NEW AMBITION,9584592,371963000,3EBZ4,59.846869999999996,26.00737666666667,2026-07-11T11:47:44.237722+00:00,AISStream,UST-LUGA,0.2,recent_russian_portcall_10d,,False,False,False,True,
MELITO CARRIER,8920581,273257120,UBUZ4,58.50873166666667,4.522926666666667,2026-07-11T11:47:20.138789+00:00,AISStream,RULED,11.5,recent_russian_portcall_10d;russian_mmsi;sanctions_shadowfleet;watchlist,high,True,True,False,True,
REK BRAVE,9607590,305032300,V2B2032,55.28118666666667,14.477198333333332,2026-07-11T11:42:09.078532+00:00,AISStream,RULED,11.5,recent_russian_portcall_10d,,False,False,False,True,
ARGO B,9459371,538003906,V7TY5,55.749145,12.838373333333333,2026-07-11T11:45:55.550275+00:00,AISStream,RU LED,11.5,recent_russian_portcall_10d,,False,False,False,True,
GHIBLI,9208186,352004747,3E6999,54.79867,19.95969,2026-07-11T11:38:31.417940+00:00,AISStream,RUBLT,,recent_russian_portcall_10d,,False,False,False,True,
MSC BELLE,9203904,371743000,H9FF,41.29085,29.3482,2026-07-11T15:33:32.151288+00:00,AISStream,RUNVS,9.5,recent_russian_portcall_10d,,False,False,False,True,
TQ IZMIR,1045045,341891001,V4JN6,41.25002166666666,29.209195,2026-07-11T15:41:40.704479+00:00,AISStream,RUTUA,7.2,recent_russian_portcall_10d,,False,False,False,True,
STK-1028,8719396,273312210,UBEP,59.93734,25.87527,2026-07-11T19:52:04.351778+00:00,AISStream,RU KGD,7.2,recent_russian_portcall_10d;russian_mmsi,,False,False,False,True,
AFRAMAX RIVIERA,9282912,373638000,3EUK2,37.38506,4.5588,2026-07-11T19:49:44.614024+00:00,AISStream,RUULU,13.5,recent_russian_portcall_10d,,False,False,False,True,
MSC ARUSHI R.,9244881,636016432,A8RL3,59.786,24.99855,2026-07-11T23:31:44.344848+00:00,AISStream,RULED,16.5,recent_russian_portcall_10d,,False,False,False,True,
ZERMATT,9634830,538009665,V7A5017,59.44930166666666,22.787288333333333,2026-07-11T23:33:59.168373+00:00,AISStream,RUULU,12.3,recent_russian_portcall_10d,,False,False,False,True,
SPARTAN,9421972,461000232,A4DQ4,59.74381666666667,24.1149,2026-07-11T23:33:06.718041+00:00,AISStream,RU VYS => EG PSD,12.7,recent_russian_portcall_10d;sanctions_shadowfleet;watchlist,high,True,True,False,True,
GARNET,9577094,461000264,A4DW9,37.72638666666667,8.13831,2026-07-11T23:35:54.549270+00:00,AISStream,RUVIT,12.5,recent_russian_portcall_10d;sanctions_shadowfleet;watchlist,high,True,True,False,True,
SINO PROSPERITY,9328132,352003390,3E7542,59.83844,26.01521,2026-07-11T23:32:03.131590+00:00,AISStream,ST.PETERSBURG,0.1,recent_russian_portcall_10d,,False,False,False,True,
KIMBERLY,9378242,305238000,V2DK3,57.285198333333334,19.168091666666665,2026-07-11T23:31:13.441610+00:00,AISStream,RUVYG,10.6,recent_russian_portcall_10d,,False,False,False,True,
FUXI,9246463,304218000,V2YE4,59.990019999999994,26.692663333333332,2026-07-11T23:36:39.384887+00:00,AISStream,RULED,8.3,recent_russian_portcall_10d,,False,False,False,True,
NAVI SKY,9722455,374275000,3FAO8,59.88502666666667,25.927575,2026-07-11T23:34:43.603484+00:00,AISStream,RULED,14.4,recent_russian_portcall_10d,,False,False,False,True,
ENISEY,9079169,273212240,UBVT8,37.98712666666667,2.378935,2026-07-11T23:31:45.163028+00:00,AISStream,RUMMK,0.9,recent_russian_portcall_10d;russian_mmsi;sanctions_shadowfleet;watchlist,high,True,True,False,True,
SVYATAYA VARVARA,9143609,273411440,UBEQ4,59.71094333333333,24.36836333333333,2026-07-12T06:06:16.611165+00:00,AISStream,RU LED,9.2,recent_russian_portcall_10d;russian_mmsi,,False,False,False,True,
SHTURMAN ALBANOV,9752084,273397870,UBXO2,59.13757,4.03212,2026-07-12T05:59:12.081467+00:00,AISStream,RU MMK >> RU LED,14.5,recent_russian_portcall_10d;russian_mmsi;sanctions_shadowfleet;watchlist,high,True,True,False,True,
LIDER PERIHAN,9499539,352002086,3E3769,41.27694333333333,29.507051666666666,2026-07-12T06:06:11.213515+00:00,AISStream,RUNVS,10.5,recent_russian_portcall_10d,,False,False,False,True,
OCEAN AZALEA,9737357,636024961,5LVD2,59.79311,25.042408333333334,2026-07-12T06:04:52.666180+00:00,AISStream,RU ULU,12.3,recent_russian_portcall_10d,,False,False,False,True,
COOL EXPRESS,9836878,351074000,3FAS5,59.61377,23.800066666666666,2026-07-12T06:03:33.598207+00:00,AISStream,RULED,16.0,recent_russian_portcall_10d,,False,False,False,True,
DENSA PUMA,9649108,229201000,9HA3145,37.438671666666664,10.887956666666666,2026-07-12T08:59:33.387599+00:00,AISStream,RU TUA,11.5,recent_russian_portcall_10d,,False,False,False,True,
MEDIQUEEN,9476410,636020849,5LAZ8,43.18147166666667,27.975201666666667,2026-07-12T08:58:08.921466+00:00,AISStream,RUNVS,11.0,recent_russian_portcall_10d,,False,False,False,True,
NEPTULUS,9473705,538007921,V7RL9,59.226425,22.087291666666665,2026-07-12T11:51:39.288314+00:00,AISStream,RU LED,13.2,recent_russian_portcall_10d,,False,False,False,True,
BOSFOR,9369083,352002808,3E5095,53.269125,4.61268,2026-07-12T11:51:56.600623+00:00,AISStream,RULED,10.7,recent_russian_portcall_10d,,False,False,False,True,
EVREN,9430313,511101845,T8A5350,37.63248,3.0188,2026-07-12T11:42:54.813019+00:00,AISStream,TRMAR>RUPRI,12.7,recent_russian_portcall_10d,,False,False,False,True,
CPT DIMITRIOS S,9221592,636019579,D5VD7,51.67939,3.22255,2026-07-12T15:41:25.234321+00:00,AISStream,RU ULU,9.5,recent_russian_portcall_10d,,False,False,False,True,
WHITE FIN,9607291,256608000,9HA2891,59.81850833333333,25.23523,2026-07-12T19:42:59.226169+00:00,AISStream,RULED,11.2,recent_russian_portcall_10d,,False,False,False,True,
SAINT VASSILIOS,9486403,538004639,V7YE3,55.59686,12.860105,2026-07-12T19:49:29.192813+00:00,AISStream,RU MMK,10.3,recent_russian_portcall_10d,,False,False,False,True,
SUN PLENTY,9423554,352004276,3E7759,59.968221666666665,26.488995,2026-07-12T23:31:31.143459+00:00,AISStream,ST.PETERSBURG,12.9,recent_russian_portcall_10d,,False,False,False,True,
STAR PISCES,9715854,636024670,5LTT2,50.24693,-0.4215,2026-07-12T23:34:56.077620+00:00,AISStream,RULED,7.4,recent_russian_portcall_10d,,False,False,False,True,
KLARIKA,9342164,304958000,V2RF6,59.741186666666664,24.61977166666667,2026-07-12T23:35:58.183746+00:00,AISStream,RULED,10.8,recent_russian_portcall_10d,,False,False,False,True,
DIMITRA,9414761,538010985,V7A6413,59.82991,25.85852,2026-07-12T23:34:33.513820+00:00,AISStream,RUULU,0.0,recent_russian_portcall_10d,,False,False,False,True,
YANTARNY,9194062,273349470,UBUL4,59.76368166666667,24.841891666666665,2026-07-12T23:36:01.198089+00:00,AISStream,RU ULU,11.0,recent_russian_portcall_10d;russian_mmsi,,False,False,False,True,
INFINITY AQUILA,9258600,636022304,5LID2,37.839095,7.3456866666666665,2026-07-12T23:36:08.865167+00:00,AISStream,ST.PETERSBURG,13.0,recent_russian_portcall_10d,,False,False,False,True,
ARIELLA,9229001,352003644,3E4772,54.44291333333333,11.744595,2026-07-13T06:17:21.027541+00:00,AISStream,RULED->ESALG,11.0,recent_russian_portcall_10d,,False,False,False,True,
VOLGO BALT 203,8841620,273339200,UEHD,59.70193833333334,24.350751666666667,2026-07-13T06:17:30.348396+00:00,AISStream,RULED,7.1,recent_russian_portcall_10d;russian_mmsi,,False,False,False,True,
LARUS,1065289,273263300,UAOB9,59.832406666666664,25.387805,2026-07-13T06:14:48.028598+00:00,AISStream,RU LED,10.7,recent_russian_portcall_10d;russian_mmsi,,False,False,False,True,
STELLAR LADY,9574004,538009176,V7A4413,54.93085,10.88219,2026-07-13T13:07:07.517077+00:00,AISStream,RULED>SEGOT,13.7,recent_russian_portcall_10d,,False,False,False,True,
KIRKE,9413456,305597000,V2RA4,59.862944999999996,25.81982833333333,2026-07-13T13:08:35.948440+00:00,AISStream,RULED,10.8,recent_russian_portcall_10d,,False,False,False,True,
BALTIC STAR,9327396,636023657,5LOT9,37.549951666666665,5.440253333333334,2026-07-13T13:10:26.378445+00:00,AISStream,RU ULU,12.0,recent_russian_portcall_10d,,False,False,False,True,
LEGENDA,9673202,273273660,UAAF5,54.99673666666667,20.177365,2026-07-13T17:07:47.056864+00:00,AISStream,KALININGRAD,0.4,recent_russian_portcall_10d;russian_mmsi,,False,False,False,True,
ZA RODINU,9377743,273399010,UBIP7,54.68643,20.25157,2026-07-13T17:10:26.742836+00:00,AISStream,RU KGD   !D,0.0,recent_russian_portcall_10d;russian_mmsi,,False,False,False,True,
AKADEMIK N. STRAKHOV,8211174,273418070,UIMS,54.6994,20.454628333333336,2026-07-13T17:04:19.816979+00:00,AISStream,RU KGD,0.0,recent_russian_portcall_10d;russian_mmsi,,False,False,False,True,
WL LADOGA,9659799,314083000,8POE,54.68846,20.21473,2026-07-13T17:12:16.449092+00:00,AISStream,RUKGD,0.0,recent_russian_portcall_10d,,False,False,False,True,
MURMAN,9682423,273370640,UBAN4,59.82247333333333,25.251218333333334,2026-07-13T20:14:02.338936+00:00,AISStream,RUULU,7.1,recent_russian_portcall_10d;russian_mmsi,,False,False,False,True,
ALMA,9140968,212856000,P3MF8,59.697446666666664,24.24804333333333,2026-07-13T20:14:34.450342+00:00,AISStream,RULED,12.3,recent_russian_portcall_10d,,False,False,False,True,
MRTK-1067,8897435,273319360,,54.686611666666664,20.253131666666665,2026-07-13T19:51:03.393481+00:00,AISStream,KALININGRAD,0.0,recent_russian_portcall_10d;russian_mmsi,,False,False,False,True,
FINVAL,9272412,273212470,UBSU4,54.69118,20.193643333333334,2026-07-13T20:10:00.176380+00:00,AISStream,RUKGD-BALT.SEA-RUKGD,0.8,recent_russian_portcall_10d;russian_mmsi,,False,False,False,True,
PASSAT,8610289,273219740,UBAU4,54.68351333333333,20.166006666666664,2026-07-13T20:05:04.324198+00:00,AISStream,KALININGRAD,2.7,recent_russian_portcall_10d;russian_mmsi,,False,False,False,True,
ANTAKYA_M,9302803,354214000,3FXB3,50.11737666666667,-1.1245833333333333,2026-07-14T05:36:13.347295+00:00,AISStream,RU LED,12.4,recent_russian_portcall_10d,,False,False,False,True,
AMBER TRADER,9180853,305976000,V2QO9,57.50386666666667,11.366166666666667,2026-07-14T05:37:46.516858+00:00,AISStream,RULED,10.5,recent_russian_portcall_10d,,False,False,False,True,
SEIVAL,9199115,273296620,UBQV5,59.76447,24.36689,2026-07-14T05:35:20.998708+00:00,AISStream,RUKGD,9.5,recent_russian_portcall_10d;russian_mmsi,,False,False,False,True,
INA-LOTTE,9574030,636023981,5LQJ6,59.7702,28.39739,2026-07-14T12:01:37.550388+00:00,AISStream,RU ULU,,recent_russian_portcall_10d,,False,False,False,True,
MIDEA,9290438,538012016,V7A3834,60.09239,29.33367,2026-07-14T15:44:13.548641+00:00,AISStream,RULED,,recent_russian_portcall_10d,,False,False,False,True,
ROSTRUM HAMBURG,9997268,636093339,5LOQ3,59.76179,28.43387,2026-07-14T16:06:39.859183+00:00,AISStream,RUULU,0.0,recent_russian_portcall_10d,,False,False,False,True,
MV AGUIMES,8820107,210223000,5BTW5,55.356388333333335,6.359943333333334,2026-07-14T20:09:37.064043+00:00,AISStream,RULED,11.6,recent_russian_portcall_10d,,False,False,False,True,
ZHENG LIN,9323065,636025421,5LXJ4,57.672450000000005,10.702633333333333,2026-07-14T23:35:58.222507+00:00,AISStream,UST-LUGA,0.0,recent_russian_portcall_10d,,False,False,False,True,
BEHTA,9349590,422031300,EPBQ8,36.12714833333334,15.340965,2026-07-14T23:37:30.244450+00:00,AISStream,RUBNK,17.2,recent_russian_portcall_10d,,False,False,False,True,
OCEAN DARIA,9213961,577282000,YJQY3,54.77326,10.8755,2026-07-15T05:37:19.765002+00:00,AISStream,RU LED>DK SKA,14.2,recent_russian_portcall_10d,,False,False,False,True,
OLYMPIC SPIRIT,9327097,636022387,5LIN7,53.59663166666667,3.9574966666666667,2026-07-15T05:38:57.680313+00:00,AISStream,KALININGRAD/ RUKGD,10.3,recent_russian_portcall_10d,,False,False,False,True,
EUROINTEGRITY,9410648,636018917,A8RO4,41.368045,29.343403333333335,2026-07-15T12:08:13.366430+00:00,AISStream,RU NVS,11.9,recent_russian_portcall_10d,,False,False,False,True,
KAPITAN KOKOVIN,9279422,273396150,UAOX,56.79580333333333,20.627681666666668,2026-07-15T12:13:07.589372+00:00,AISStream,RULED,9.7,recent_russian_portcall_10d;russian_mmsi,,False,False,False,True,
EPICURUS,9328560,636022704,5LKB6,56.48187666666667,19.870510000000003,2026-07-15T12:15:48.173522+00:00,AISStream,RU LED,13.6,recent_russian_portcall_10d,,False,False,False,True,
SUR,9941611,636093238,5LEI6,41.38182833333334,29.195666666666668,2026-07-15T12:13:26.090993+00:00,AISStream,RUTUA>TRALI,0.2,recent_russian_portcall_10d,,False,False,False,True,
HEMUS,1068891,249871000,9HA6414,55.08165833333333,19.734888333333334,2026-07-15T16:12:30.342926+00:00,AISStream,RUKGD,14.5,recent_russian_portcall_10d,,False,False,False,True,
CELINA,9019200,304099000,V2GV5,59.84101,25.97265,2026-07-15T15:53:35.654397+00:00,AISStream,RUULU,,recent_russian_portcall_10d,,False,False,False,True,
ANTEY,9310018,273312530,UEKQ,54.67417,20.14393,2026-07-15T16:13:00.792490+00:00,AISStream,RU KGD,0.0,recent_russian_portcall_10d;russian_mmsi,,False,False,False,True,
BHILVA,9439383,613003594,TJMC50,55.39161333333333,19.416839999999997,2026-07-15T19:59:55.792262+00:00,AISStream,RUKGD,5.6,falseflag_interest;recent_russian_portcall_10d;sanctions_shadowfleet;watchlist,high,True,True,True,True,
PIONER,9424390,273326900,UBQE7,54.66131,20.12696,2026-07-15T19:37:38.300893+00:00,AISStream,SVETLYY BALTIYSK,9.8,recent_russian_portcall_10d;russian_mmsi,,False,False,False,True,
YDD LUCKY,9890109,352004284,3E7765,50.89315833333333,1.4663433333333333,2026-07-16T05:48:14.102727+00:00,AISStream,RUKGD,9.5,recent_russian_portcall_10d,,False,False,False,True,
KOMMUNAR,9424405,273343610,UBRE6,54.69193333333333,20.196366666666666,2026-07-16T05:48:29.297022+00:00,AISStream,SVETLYY BALTIYSK,0.0,recent_russian_portcall_10d;russian_mmsi,,False,False,False,True,
MRTK-0777,9076480,273297610,UBJV4,55.08238,19.73221,2026-07-16T05:48:02.874601+00:00,AISStream,RU KALININGRAD,8.9,recent_russian_portcall_10d;russian_mmsi,,False,False,False,True,
STAR ANTWERP,9699036,636025036,5LVM6,60.60623,19.010266666666666,2026-07-16T08:58:28.346662+00:00,AISStream,RU ULU,12.5,recent_russian_portcall_10d,,False,False,False,True,
OLEG STRASHNOV,9294056,273437360,UBXY8,54.63964,19.95692,2026-07-16T08:59:02.108399+00:00,AISStream,RUKGD,0.0,recent_russian_portcall_10d;russian_mmsi,,False,False,False,True,
MEZEN,9353125,273127310,UAYF7,54.69141,20.18207,2026-07-16T08:55:21.915963+00:00,AISStream,KALININGRAD,,recent_russian_portcall_10d;russian_mmsi;sanctions_shadowfleet;watchlist,high,True,True,False,True,
TQ SAMSUN,9125566,268264001,T7EF7,56.25909,12.28464,2026-07-16T12:19:49.588901+00:00,AISStream,RU LED,12.0,recent_russian_portcall_10d,,False,False,False,True,
ALTIS,9265756,667002293,9LS1996,59.9615,26.082013333333336,2026-07-16T12:20:59.036830+00:00,AISStream,KALININGRAD,12.0,recent_russian_portcall_10d;sanctions_shadowfleet;watchlist,high,True,True,False,True,
ZEYNEP,9292943,572728220,T2CL6,57.569428333333335,11.261233333333333,2026-07-16T12:20:30.109856+00:00,AISStream,RULED,12.3,recent_russian_portcall_10d,,False,False,False,True,
ZHENG FAN,9296858,352004770,3E7017,36.05866,-5.081131666666667,2026-07-16T12:13:44.320717+00:00,AISStream,UST LUGA.RUSSIA,9.0,recent_russian_portcall_10d,,False,False,False,True,
NARVAL,9171876,273417870,UBVQ9,54.69599,20.45057,2026-07-16T12:03:41.995031+00:00,AISStream,RUKGD,,recent_russian_portcall_10d;russian_mmsi,,False,False,False,True,
GENERAL SKOBELEV,9503304,273335920,UBKF8,54.67827,20.14928,2026-07-16T12:13:44.513344+00:00,AISStream,RUKGD,0.0,recent_russian_portcall_10d;russian_mmsi;sanctions_shadowfleet;watchlist,high,True,True,False,True,
RYBAK,8901494,273351680,UDAD,54.67958,20.151796666666666,2026-07-16T12:21:50.979986+00:00,AISStream,KALININGRAD,0.0,recent_russian_portcall_10d;russian_mmsi,,False,False,False,True,
CAI YUN,9437983,667001407,9LU2210,55.29207,20.26686,2026-07-16T12:16:48.059049+00:00,AISStream,RU KGD,,recent_russian_portcall_10d;sanctions_shadowfleet;watchlist,high,True,True,False,True,
KRUZENSHTERN,6822979,273243700,UCVK,54.952081666666665,19.266579999999998,2026-07-16T16:15:36.990867+00:00,AISStream,RU KGD,7.4,recent_russian_portcall_10d;russian_mmsi,,False,False,False,True,
BOSPHORUS-M,9359818,636023497,5LNZ7,59.88914666666667,30.211646666666663,2026-07-16T19:56:40.504245+00:00,AISStream,RULED,0.1,recent_russian_portcall_10d,,False,False,False,True,
ZEFIR,9400241,273358290,UBQJ8,54.880963333333334,20.040535,2026-07-16T19:56:43.311788+00:00,AISStream,RU KGD,8.0,recent_russian_portcall_10d;russian_mmsi,,False,False,False,True,
SVETLOGORSK,9135834,273254160,UAKA3,59.30434666666667,22.038178333333335,2026-07-16T20:01:35.174752+00:00,AISStream,RU KGD,9.8,recent_russian_portcall_10d;russian_mmsi,,False,False,False,True,
THERESA EMPAT,9931173,563270900,9VET2,56.25952333333333,6.373133333333333,2026-07-17T05:50:50.703745+00:00,AISStream,RU_KGD,8.1,recent_russian_portcall_10d,,False,False,False,True,
CUMBRIAN,9298404,314001027,8P2559,56.56659333333334,11.936693333333332,2026-07-17T12:01:25.153666+00:00,AISStream,RU KGD,11.1,recent_russian_portcall_10d,,False,False,False,True,
BALTIC HEATHER,9181144,311000973,C6EQ7,59.791558333333334,24.956478333333333,2026-07-17T12:08:03.975410+00:00,AISStream,RULED,18.3,recent_russian_portcall_10d,,False,False,False,True,
CRYSTAL VLADIVOSTOK,9251509,273217120,UBET2,59.74183333333334,24.091458333333332,2026-07-17T12:07:58.714187+00:00,AISStream,RUKGD,13.0,recent_russian_portcall_10d;russian_mmsi,,False,False,False,True,
ARIADNE,9397547,273268690,UAZC5,59.847195000000006,24.96489,2026-07-17T23:34:07.996606+00:00,AISStream,RULED>>RUMKK,11.9,recent_russian_portcall_10d;russian_mmsi;sanctions_shadowfleet;watchlist,high,True,True,False,True,
HONEVER,9533438,636020765,5LAP7,53.556765000000006,4.79803,2026-07-18T05:33:30.952828+00:00,AISStream,RU LED,11.6,recent_russian_portcall_10d,,False,False,False,True,
HON FA,9248899,352003954,3E5353,37.646433333333334,5.8252,2026-07-18T05:34:02.745986+00:00,AISStream,UST_LUGA,12.6,recent_russian_portcall_10d,,False,False,False,True,
XIN LI,9311490,311002039,C6KE2,50.151428333333335,-0.8925066666666667,2026-07-18T15:30:43.183726+00:00,AISStream,RU LED,9.8,recent_russian_portcall_10d,,False,False,False,True,
OSCAR,9365386,636022074,5LHB5,59.80091,25.0918,2026-07-18T15:40:40.834421+00:00,AISStream,RU LED,12.7,recent_russian_portcall_10d,,False,False,False,True,
MINERVA LIBRA,9317951,248716000,9HA4775,59.7528,24.772463333333334,2026-07-19T05:58:52.791405+00:00,AISStream,RUULU,12.1,recent_russian_portcall_10d,,False,False,False,True,
EUGENIA B,9743215,538011815,V7A3517,57.589198333333336,11.684841666666667,2026-07-19T19:51:01.241738+00:00,AISStream,RU LED,0.0,recent_russian_portcall_10d,,False,False,False,True,
VIKTOR BAKAEV,9610810,273258810,UBSZ2,70.772833,32.676,2026-07-19T22:53:33+00:00,BarentsWatch / Norwegian Coastal Administration,RUMMK,9.9,recent_russian_portcall_10d;russian_mmsi;sanctions_shadowfleet;watchlist,high,True,True,False,True,
ORVAR,8714554,273323130,UBVK6,70.716847,32.608027,2026-07-19T19:02:54+00:00,BarentsWatch / Norwegian Coastal Administration,RUMMK,11.1,recent_russian_portcall_10d;russian_mmsi,,False,False,False,True,
ACROPOLIS,1056666,538012192,V7A4088,70.74837,32.647013,2026-07-19T19:00:22+00:00,BarentsWatch / Norwegian Coastal Administration,RU MMK,12.3,recent_russian_portcall_10d,,False,False,False,True,
